	fecha	positivos	neutrales	negativos	Twitt del dia
0	2018-11-26	14	14	3	üîà Los invitamos a leer esta nota publicada en @elmorrocotudo acerca de la entrega de bonos de riego de la @CNRCHILE‚Ä¶ https://t.co/w4WijWKApi
0,2018-11-27,14,14,3,üîà Los invitamos a leer esta nota publicada en @elmorrocotudo acerca de la entrega de bonos de riego de la @CNRCHILE‚Ä¶ https://t.co/w4WijWKApi
0,2018-11-28,14,14,3,üîà Los invitamos a leer esta nota publicada en @elmorrocotudo acerca de la entrega de bonos de riego de la @CNRCHILE‚Ä¶ https://t.co/w4WijWKApi
0,2018-11-29,14,14,3,üîà Los invitamos a leer esta nota publicada en @elmorrocotudo acerca de la entrega de bonos de riego de la @CNRCHILE‚Ä¶ https://t.co/w4WijWKApi
0,2018-12-01,6,7,2,‚≠ïÔ∏èNi√±os del K√≠nder del Liceo Granaderos de Putre compartieron del paseo de fin de a√±o junto a Gob de Parinacota‚Ä¶ https://t.co/z3gf8ZE530
0,2018-12-02,15,7,1,"Gracias a un trabajo conjunto entre @saludarica, @MunicipioPutre y m√©dicos voluntarios de la Universidad Cat√≥lica,‚Ä¶ https://t.co/3qsxxhEP6w"
0,2018-12-03,12,7,2,"#ColoresDeChile
Parque Nacional Lauca
Comuna de Putre. Posee una superficie de 137.883 ha. Se sit√∫a a una altitud d‚Ä¶ https://t.co/aVrx0QJ6KQ"
0,2018-12-04,23,15,4,#Putre ha sido seleccionada como uno de los 15 destinos emergentes de Chile en una votaci√≥n llevada a cabo por la‚Ä¶ https://t.co/2idfnudBOk
0,2018-12-05,14,11,1,"#Putre, #Taltal, #Bah√≠aInglesa, #ValledeElqui y #MontePatria son los 5 destinos del norte finalistas del concurso d‚Ä¶ https://t.co/HWuUkvI4X4"
